股票代码,股票名称
000536.SZ,华映科技
000620.SZ,盈新发展
000681.SZ,视觉中国
000690.SZ,宝新能源
000722.SZ,湖南发展
000823.SZ,超声电子
001287.SZ,中电港
001376.SZ,百通能源
002044.SZ,美年健康
002077.SZ,大港股份
002119.SZ,康强电子
002125.SZ,湘潭电化
002164.SZ,宁波东力
002167.SZ,东方锆业
002171.SZ,楚江新材
002194.SZ,武汉凡谷
002334.SZ,英威腾
002378.SZ,章源钨业
002406.SZ,远东传动
002445.SZ,中南文化
002446.SZ,盛路通信
002452.SZ,长高电新
002635.SZ,安洁科技
002708.SZ,光洋股份
002745.SZ,木林森
002824.SZ,和胜股份
300058.SZ,蓝色光标
300182.SZ,捷成股份
300252.SZ,金信诺
300322.SZ,硕贝德
300327.SZ,中颖电子
300331.SZ,苏大维格
300346.SZ,南大光电
300483.SZ,首华燃气
300545.SZ,联得装备
300559.SZ,佳发教育
300568.SZ,星源材质
300617.SZ,安靠智电
300619.SZ,金银河
300655.SZ,晶瑞电材
300671.SZ,富满微
300684.SZ,中石科技
300852.SZ,四会富仕
300913.SZ,兆龙互连
300938.SZ,信测标准
301070.SZ,开勒股份
301132.SZ,满坤科技
301291.SZ,明阳电气
301295.SZ,美硕科技
301487.SZ,盟固利
301525.SZ,儒竞科技
301595.SZ,太力科技
301638.SZ,南网数字
301683.SZ,慧谷新材
600203.SH,福日电子
600382.SH,广东明珠
600601.SH,方正科技
600744.SH,华银电力
600821.SH,金开新能
600979.SH,广安爱众
600982.SH,宁波能源
603075.SH,热威股份
603212.SH,赛伍技术
603257.SH,中国瑞林
603270.SH,金帝股份
603390.SH,通达电气
603418.SH,友升股份
603466.SH,风语筑
603861.SH,白云电器
603881.SH,数据港
688388.SH,嘉元科技
688595.SH,芯海科技
688629.SH,华丰科技
688707.SH,振华新材
688721.SH,龙图光罩
688759.SH,必贝特-U
688795.SH,摩尔线程-U
688796.SH,百奥赛图
688805.SH,健信超导
