概念名称,板块代码
半导体,886003.TI
存储芯片,886004.TI
光刻机,886005.TI
国产软件,886006.TI
央企国资改革,886007.TI
一带一路,886008.TI
创投,886009.TI
区块链,886010.TI
3D打印,886011.TI
量子通信,886012.TI
超导,886013.TI
人工智能,886014.TI
大数据,886015.TI
消费电子,886016.TI
光伏,886017.TI
储能,886018.TI
新能源车,886019.TI
充电桩,886020.TI
锂电池,886021.TI
传感器,886022.TI
稀土永磁,886023.TI
六氟磷酸锂,886024.TI
钴,886025.TI
工业机器人,886026.TI
边缘计算,886027.TI
虚拟电厂,886028.TI
风电,886029.TI
特高压,886030.TI
氢能源,886031.TI
氟化工,886032.TI
碳纤维,886033.TI
电子化学品,886034.TI
医美,886035.TI
CRO,886036.TI
新冠药,886037.TI
辅助生殖,886038.TI
数据要素,886039.TI
信创,886040.TI
东数西算,886041.TI
华为昇腾,886042.TI
鸿蒙概念,886043.TI
算力概念,886044.TI
激光雷达,886045.TI
CPO,886046.TI
英伟达概念,886047.TI
液冷服务器,886048.TI
超导材料,886049.TI
先进封装,886050.TI
激光设备,886051.TI
机器视觉,886052.TI
钠离子电池,886053.TI
固态电池,886054.TI
POE胶膜,886055.TI
IGBT,886056.TI
汽车热管理,886057.TI
空气能热泵,886058.TI
低空经济,886059.TI
中特估100,886060.TI
专精特新,886061.TI
高压快充,886062.TI
汽车线束,886063.TI
汽车芯片,886064.TI
复合集流体,886065.TI
一体化压铸,886066.TI
卫星互联网,886067.TI
卫星导航,886068.TI
太空互联网,886069.TI
6G概念,886070.TI
伺服系统,886071.TI
高股息精选,886072.TI
MCU芯片,886073.TI
工业软件,886074.TI
精密制造,886075.TI
光刻胶,886076.TI
勃姆石,886077.TI
光学膜材,886078.TI
PCB,886079.TI
FPC,886080.TI
MiniLED,886081.TI
同花顺果指数,886082.TI
MR概念,886083.TI
AI PC,886084.TI
AI手机,886085.TI
机器人减速器,886086.TI
丝杠导轨,886087.TI
空间计算,886088.TI
人形机器人,886089.TI
具身智能,886090.TI
RISC-V,886091.TI
Chiplet,886092.TI
EDA软件,886093.TI
AI算力租赁,886094.TI
IP经济,886095.TI
新质50,886096.TI
多模态AI,886097.TI
小红书概念,886098.TI
AI智能体,886099.TI
DeepSeek概念,886100.TI
大模型,886101.TI
中国AI50,886102.TI
算力芯片,886103.TI
存储模组,886104.TI
雅下水电,886105.TI
钙钛矿电池,886106.TI
固态电解质,886107.TI
AI应用,886108.TI
跨境电商,886109.TI
AIGC,886110.TI
元宇宙,886111.TI
虚拟数字人,886112.TI
Web3.0,886113.TI
NFT概念,886114.TI
ChatGPT,886115.TI
数据安全,886116.TI
网络安全,886117.TI
隐私计算,886118.TI
工业母机,886119.TI
数控机床,886120.TI
轴承,886121.TI
电机,886122.TI
减速机,886123.TI
水泵,886124.TI
阀门,886125.TI
化肥,886126.TI
种业,886127.TI
粮食安全,886128.TI
猪肉概念,886129.TI
鸡肉概念,886130.TI
养老概念,886131.TI
辅助养老,886132.TI
冷链物流,886133.TI
智慧物流,886134.TI
智慧交通,886135.TI
智慧停车,886136.TI
水利建设,886137.TI
地下管网,886138.TI
海绵城市,886139.TI
装配式建筑,886140.TI
建筑节能,886141.TI
绿色建材,886142.TI
石墨烯,886143.TI
气凝胶,886144.TI
玄武岩纤维,886145.TI
可降解塑料,886146.TI
纯碱,886147.TI
烧碱,886148.TI
磷化工,886149.TI
钛白粉,886150.TI
稀土,886151.TI
钨,886152.TI
钼,886153.TI
锗,886154.TI
锑,886155.TI
小金属,886156.TI
黄金概念,886157.TI
白银,886158.TI
铜,886159.TI
铝,886160.TI
锌,886161.TI
镍,886162.TI
镁,886163.TI
锡,886164.TI
钒,886165.TI
锆,886166.TI
钽,886167.TI
铌,886168.TI
锂矿,886169.TI
盐湖提锂,886170.TI
磷矿,886171.TI
氟矿,886172.TI
硅矿,886173.TI
石英矿,886174.TI
高岭土,886175.TI
膨润土,886176.TI
云母,886177.TI
石墨,886178.TI
萤石,886179.TI